[
    {
        "model": "auth.user",
        "pk": 3,
        "fields": {
            "username": "user003"
        }
    },
    {
        "model": "auth.user",
        "pk": 4,
        "fields": {
            "username": "user004"
        }
    },
    {
        "model": "auth.user",
        "pk": 5,
        "fields": {
            "username": "user005"
        }
    },
    {
        "model": "auth.user",
        "pk": 6,
        "fields": {
            "username": "user006"
        }
    },
    {
        "model": "auth.user",
        "pk": 7,
        "fields": {
            "username": "user007"
        }
    },
    {
        "model": "djeeterprofile.djeeterprofile",
        "pk": 3,
        "fields": {
            "user": 3,
            "follows": []
        }
    },
    {
        "model": "djeeterprofile.djeeterprofile",
        "pk": 4,
        "fields": {
            "user": 4,
            "follows": []
        }
    },
    {
        "model": "djeeterprofile.djeeterprofile",
        "pk": 5,
        "fields": {
            "user": 5,
            "follows": []
        }
    },
    {
        "model": "djeeterprofile.djeeterprofile",
        "pk": 6,
        "fields": {
            "user": 6,
            "follows": []
        }
    },
    {
        "model": "djeeterprofile.djeeterprofile",
        "pk": 7,
        "fields": {
            "user": 7,
            "follows": []
        }
    },
    {
        "model": "djeet.djeet",
        "pk": 3,
        "fields": {
            "user": 3,
            "body": "hoge",
            "created_at": "2018-06-26 00:00:0.000000+00"
        }
    },
    {
        "model": "djeet.djeet",
        "pk": 4,
        "fields": {
            "user": 3,
            "body": "hoge",
            "created_at": "2018-06-26 00:00:0.000000+00"
        }
    },
    {
        "model": "djeet.djeet",
        "pk": 5,
        "fields": {
            "user": 3,
            "body": "hoge",
            "created_at": "2018-06-26 00:00:0.000000+00"
        }
    },
    {
        "model": "djeet.djeet",
        "pk": 6,
        "fields": {
            "user": 3,
            "body": "hoge",
            "created_at": "2018-06-26 00:00:0.000000+00"
        }
    },
    {
        "model": "djeet.djeet",
        "pk": 7,
        "fields": {
            "user": 3,
            "body": "hoge",
            "created_at": "2018-06-26 00:00:0.000000+00"
        }
    },
    {
        "model": "djeet.djeet",
        "pk": 8,
        "fields": {
            "user": 3,
            "body": "hoge",
            "created_at": "2018-06-26 00:00:0.000000+00"
        }
    },
    {
        "model": "djeet.djeet",
        "pk": 9,
        "fields": {
            "user": 3,
            "body": "hoge",
            "created_at": "2018-06-26 00:00:0.000000+00"
        }
    },
    {
        "model": "djeet.djeet",
        "pk": 10,
        "fields": {
            "user": 3,
            "body": "hoge",
            "created_at": "2018-06-26 00:00:0.000000+00"
        }
    },
    {
        "model": "djeet.djeet",
        "pk": 11,
        "fields": {
            "user": 3,
            "body": "hoge",
            "created_at": "2018-06-26 00:00:0.000000+00"
        }
    },
    {
        "model": "djeet.djeet",
        "pk": 12,
        "fields": {
            "user": 3,
            "body": "hoge",
            "created_at": "2018-06-26 00:00:0.000000+00"
        }
    },
    {
        "model": "djeet.djeet",
        "pk": 13,
        "fields": {
            "user": 4,
            "body": "hoge",
            "created_at": "2018-06-26 00:00:0.000000+00"
        }
    },
    {
        "model": "djeet.djeet",
        "pk": 14,
        "fields": {
            "user": 4,
            "body": "hoge",
            "created_at": "2018-06-26 00:00:0.000000+00"
        }
    },
    {
        "model": "djeet.djeet",
        "pk": 15,
        "fields": {
            "user": 4,
            "body": "hoge",
            "created_at": "2018-06-26 00:00:0.000000+00"
        }
    },
    {
        "model": "djeet.djeet",
        "pk": 16,
        "fields": {
            "user": 4,
            "body": "hoge",
            "created_at": "2018-06-26 00:00:0.000000+00"
        }
    },
    {
        "model": "djeet.djeet",
        "pk": 17,
        "fields": {
            "user": 4,
            "body": "hoge",
            "created_at": "2018-06-26 00:00:0.000000+00"
        }
    },
    {
        "model": "djeet.djeet",
        "pk": 18,
        "fields": {
            "user": 4,
            "body": "hoge",
            "created_at": "2018-06-26 00:00:0.000000+00"
        }
    },
    {
        "model": "djeet.djeet",
        "pk": 19,
        "fields": {
            "user": 4,
            "body": "hoge",
            "created_at": "2018-06-26 00:00:0.000000+00"
        }
    },
    {
        "model": "djeet.djeet",
        "pk": 20,
        "fields": {
            "user": 4,
            "body": "hoge",
            "created_at": "2018-06-26 00:00:0.000000+00"
        }
    },
    {
        "model": "djeet.djeet",
        "pk": 21,
        "fields": {
            "user": 4,
            "body": "hoge",
            "created_at": "2018-06-26 00:00:0.000000+00"
        }
    },
    {
        "model": "djeet.djeet",
        "pk": 22,
        "fields": {
            "user": 4,
            "body": "hoge",
            "created_at": "2018-06-26 00:00:0.000000+00"
        }
    },
    {
        "model": "djeet.djeet",
        "pk": 23,
        "fields": {
            "user": 5,
            "body": "hoge",
            "created_at": "2018-06-26 00:00:0.000000+00"
        }
    },
    {
        "model": "djeet.djeet",
        "pk": 24,
        "fields": {
            "user": 5,
            "body": "hoge",
            "created_at": "2018-06-26 00:00:0.000000+00"
        }
    },
    {
        "model": "djeet.djeet",
        "pk": 25,
        "fields": {
            "user": 5,
            "body": "hoge",
            "created_at": "2018-06-26 00:00:0.000000+00"
        }
    },
    {
        "model": "djeet.djeet",
        "pk": 26,
        "fields": {
            "user": 5,
            "body": "hoge",
            "created_at": "2018-06-26 00:00:0.000000+00"
        }
    },
    {
        "model": "djeet.djeet",
        "pk": 27,
        "fields": {
            "user": 5,
            "body": "hoge",
            "created_at": "2018-06-26 00:00:0.000000+00"
        }
    },
    {
        "model": "djeet.djeet",
        "pk": 28,
        "fields": {
            "user": 5,
            "body": "hoge",
            "created_at": "2018-06-26 00:00:0.000000+00"
        }
    },
    {
        "model": "djeet.djeet",
        "pk": 29,
        "fields": {
            "user": 5,
            "body": "hoge",
            "created_at": "2018-06-26 00:00:0.000000+00"
        }
    },
    {
        "model": "djeet.djeet",
        "pk": 30,
        "fields": {
            "user": 5,
            "body": "hoge",
            "created_at": "2018-06-26 00:00:0.000000+00"
        }
    },
    {
        "model": "djeet.djeet",
        "pk": 31,
        "fields": {
            "user": 5,
            "body": "hoge",
            "created_at": "2018-06-26 00:00:0.000000+00"
        }
    },
    {
        "model": "djeet.djeet",
        "pk": 32,
        "fields": {
            "user": 5,
            "body": "hoge",
            "created_at": "2018-06-26 00:00:0.000000+00"
        }
    },
    {
        "model": "djeet.djeet",
        "pk": 33,
        "fields": {
            "user": 6,
            "body": "hoge",
            "created_at": "2018-06-26 00:00:0.000000+00"
        }
    },
    {
        "model": "djeet.djeet",
        "pk": 34,
        "fields": {
            "user": 6,
            "body": "hoge",
            "created_at": "2018-06-26 00:00:0.000000+00"
        }
    },
    {
        "model": "djeet.djeet",
        "pk": 35,
        "fields": {
            "user": 6,
            "body": "hoge",
            "created_at": "2018-06-26 00:00:0.000000+00"
        }
    },
    {
        "model": "djeet.djeet",
        "pk": 36,
        "fields": {
            "user": 6,
            "body": "hoge",
            "created_at": "2018-06-26 00:00:0.000000+00"
        }
    },
    {
        "model": "djeet.djeet",
        "pk": 37,
        "fields": {
            "user": 6,
            "body": "hoge",
            "created_at": "2018-06-26 00:00:0.000000+00"
        }
    },
    {
        "model": "djeet.djeet",
        "pk": 38,
        "fields": {
            "user": 6,
            "body": "hoge",
            "created_at": "2018-06-26 00:00:0.000000+00"
        }
    },
    {
        "model": "djeet.djeet",
        "pk": 39,
        "fields": {
            "user": 6,
            "body": "hoge",
            "created_at": "2018-06-26 00:00:0.000000+00"
        }
    },
    {
        "model": "djeet.djeet",
        "pk": 40,
        "fields": {
            "user": 6,
            "body": "hoge",
            "created_at": "2018-06-26 00:00:0.000000+00"
        }
    },
    {
        "model": "djeet.djeet",
        "pk": 41,
        "fields": {
            "user": 6,
            "body": "hoge",
            "created_at": "2018-06-26 00:00:0.000000+00"
        }
    },
    {
        "model": "djeet.djeet",
        "pk": 42,
        "fields": {
            "user": 6,
            "body": "hoge",
            "created_at": "2018-06-26 00:00:0.000000+00"
        }
    },
    {
        "model": "djeet.djeet",
        "pk": 43,
        "fields": {
            "user": 7,
            "body": "hoge",
            "created_at": "2018-06-26 00:00:0.000000+00"
        }
    },
    {
        "model": "djeet.djeet",
        "pk": 44,
        "fields": {
            "user": 7,
            "body": "hoge",
            "created_at": "2018-06-26 00:00:0.000000+00"
        }
    },
    {
        "model": "djeet.djeet",
        "pk": 45,
        "fields": {
            "user": 7,
            "body": "hoge",
            "created_at": "2018-06-26 00:00:0.000000+00"
        }
    },
    {
        "model": "djeet.djeet",
        "pk": 46,
        "fields": {
            "user": 7,
            "body": "hoge",
            "created_at": "2018-06-26 00:00:0.000000+00"
        }
    },
    {
        "model": "djeet.djeet",
        "pk": 47,
        "fields": {
            "user": 7,
            "body": "hoge",
            "created_at": "2018-06-26 00:00:0.000000+00"
        }
    },
    {
        "model": "djeet.djeet",
        "pk": 48,
        "fields": {
            "user": 7,
            "body": "hoge",
            "created_at": "2018-06-26 00:00:0.000000+00"
        }
    },
    {
        "model": "djeet.djeet",
        "pk": 49,
        "fields": {
            "user": 7,
            "body": "hoge",
            "created_at": "2018-06-26 00:00:0.000000+00"
        }
    },
    {
        "model": "djeet.djeet",
        "pk": 50,
        "fields": {
            "user": 7,
            "body": "hoge",
            "created_at": "2018-06-26 00:00:0.000000+00"
        }
    },
    {
        "model": "djeet.djeet",
        "pk": 51,
        "fields": {
            "user": 7,
            "body": "hoge",
            "created_at": "2018-06-26 00:00:0.000000+00"
        }
    },
    {
        "model": "djeet.djeet",
        "pk": 52,
        "fields": {
            "user": 7,
            "body": "hoge",
            "created_at": "2018-06-26 00:00:0.000000+00"
        }
    }
]